N,A,pre_label
0,216,1
0,1,1
0,203,1
0,0,0
0,0,0
0,0,0
0,0,0
0,0,0
0,0,0
0,0,0
0,0,0
0,0,0
0,0,0
0,0,0
0,0,0
0,0,0
0,0,0
0,0,0
0,0,0
0,0,0
0,0,0
0,0,0
0,0,0
0,0,0
0,0,0
0,0,0
0,0,0
0,0,0
0,0,0
0,0,0
0,0,0
0,0,0
0,0,0
0,0,0
0,0,0
0,0,0
0,0,0
0,0,0
0,0,0
0,0,0
0,0,0
0,0,0
0,0,0
0,0,0
0,0,0
0,0,0
0,0,0
0,0,0
0,0,0
0,0,0
0,0,0
0,0,0
0,0,0
0,0,0
0,0,0
0,0,0
0,0,0
0,0,0
0,0,0
0,0,0
0,0,0
0,0,0
0,0,0
0,0,0
0,0,0
0,0,0
0,0,0
0,0,0
0,0,0
0,0,0
0,0,0
0,0,0
0,0,0
0,0,0
0,0,0
0,0,0
0,0,0
0,0,0
0,0,0
0,0,0
0,0,0
0,0,0
0,0,0
0,0,0
0,0,0
0,0,0
0,0,0
0,0,0
0,0,0
0,0,0
0,0,0
0,13,1
0,0,0
0,0,0
0,0,0
0,0,0
0,0,0
0,0,0
0,0,0
0,0,0
0,0,0
0,0,0
0,0,0
0,0,0
0,0,0
0,0,0
0,0,0
0,0,0
0,0,0
0,0,0
0,0,0
0,0,0
0,0,0
0,0,0
0,0,0
0,0,0
0,0,0
0,0,0
0,0,0
0,0,0
0,0,0
0,0,0
0,0,0
0,0,0
0,0,0
0,0,0
0,0,0
0,0,0
0,0,0
0,0,0
0,0,0
0,0,0
0,0,0
0,0,0
0,0,0
0,0,0
0,0,0
0,0,0
0,0,0
0,0,0
0,0,0
0,0,0
0,0,0
0,0,0
0,0,0
0,0,0
0,0,0
0,0,0
0,0,0
0,0,0
0,0,0
0,0,0
0,0,0
0,0,0
0,0,0
0,0,0
0,,0
0,,0
0,,0
0,,0
0,,0
0,,0
0,,0
0,,0
0,,0
0,,0
0,,0
0,,0
0,,0
0,,0
0,,0
0,,0
0,,0
0,,0
0,,0
0,,0
0,,0
0,,0
0,,0
0,,0
0,,0
0,,0
0,,0
0,,0
0,,0
0,,0
0,,0
0,,0
0,,0
0,,0
0,,0
0,,0
0,,0
0,,0
0,,0
0,,0
0,,0
0,,0
0,,0
0,,0
0,,0
0,,0
0,,0
0,,0
0,,0
0,,0
0,,0
0,,0
0,,0
0,,0
0,,0
0,,0
0,,0
0,,0
0,,0
0,,0
0,,0
0,,0
0,,0
0,,0
0,,0
0,,0
0,,0
0,,0
0,,0
0,,0
0,,0
0,,0
0,,0
0,,0
0,,0
0,,0
0,,0
0,,0
0,,0
0,,0
0,,0
0,,0
0,,0
0,,0
0,,0
0,,0
0,,0
0,,0
0,,0
0,,0
0,,0
0,,0
0,,0
0,,0
0,,0
0,,0
0,,0
0,,0
0,,0
0,,0
0,,0
0,,0
0,,0
0,,0
0,,0
0,,0
0,,0
0,,0
0,,0
0,,0
0,,0
0,,0
0,,0
0,,0
0,,0
0,,0
0,,0
0,,0
0,,0
0,,0
0,,0
0,,0
0,,0
0,,0
0,,0
0,,0
0,,0
0,,0
0,,0
0,,0
0,,0
0,,0
0,,0
0,,0
0,,0
0,,0
0,,0
0,,0
0,,0
0,,0
0,,0
0,,0
0,,0
0,,0
0,,0
0,,0
0,,0
0,,0
0,,0
0,,0
0,,0
0,,0
0,,0
0,,0
0,,0
0,,0
0,,0
0,,0
0,,0
0,,0
0,,0
0,,0
0,,0
0,,0
0,,0
0,,0
0,,0
0,,0
0,,0
0,,0
0,,0
0,,0
0,,0
0,,0
0,,0
0,,0
0,,0
0,,0
0,,0
0,,0
0,,0
0,,0
0,,0
0,,0
0,,0
0,,0
0,,0
0,,0
0,,0
0,,0
0,,0
0,,0
0,,0
0,,0
0,,0
0,,0
0,,0
0,,0
0,,0
0,,0
0,,0
0,,0
0,,0
0,,0
0,,0
0,,0
0,,0
0,,0
0,,0
0,,0
0,,0
0,,0
0,,0
0,,0
0,,0
0,,0
0,,0
0,,0
0,,0
0,,0
0,,0
0,,0
0,,0
0,,0
0,,0
0,,0
0,,0
0,,0
0,,0
0,,0
0,,0
0,,0
0,,0
0,,0
0,,0
0,,0
0,,0
0,,0
0,,0
0,,0
0,,0
0,,0
0,,0
0,,0
0,,0
0,,0
0,,0
0,,0
0,,0
0,,0
0,,0
0,,0
0,,0
0,,0
0,,0
0,,0
0,,0
0,,0
0,,0
0,,0
0,,0
0,,0
0,,0
0,,0
0,,0
0,,0
0,,0
0,,0
0,,0
0,,0
0,,0
0,,0
0,,0
0,,0
0,,0
0,,0
0,,0
0,,0
0,,0
0,,0
0,,0
0,,0
0,,0
0,,0
0,,0
0,,0
0,,0
0,,0
0,,0
0,,0
0,,0
0,,0
0,,0
0,,0
0,,0
0,,0
0,,0
0,,0
0,,0
0,,0
0,,0
0,,0
0,,0
0,,0
0,,0
0,,0
0,,0
0,,0
0,,0
0,,0
0,,0
0,,0
0,,0
0,,0
0,,0
0,,0
0,,0
0,,0
0,,0
0,,0
0,,0
0,,0
0,,0
0,,0
0,,0
0,,0
0,,0
0,,0
0,,0
0,,0
0,,0
0,,0
0,,0
0,,0
0,,0
0,,0
0,,0
0,,0
0,,0
0,,0
0,,0
0,,0
0,,0
0,,0
0,,0
0,,0
0,,0
0,,0
0,,0
0,,0
0,,0
0,,0
0,,0
0,,0
0,,0
0,,0
0,,0
0,,0
0,,0
0,,0
0,,0
0,,0
0,,0
0,,0
0,,0
0,,0
0,,0
0,,0
0,,0
0,,0
0,,0
0,,0
0,,0
0,,0
0,,0
0,,0
0,,0
0,,0
0,,0
0,,0
0,,0
0,,0
0,,0
0,,0
0,,0
0,,0
0,,0
0,,0
0,,0
0,,0
0,,0
0,,0
0,,0
0,,0
0,,0
0,,0
0,,0
0,,0
0,,0
0,,0
0,,0
0,,0
0,,0
0,,0
0,,0
0,,0
0,,0
0,,0
0,,0
0,,0
0,,0
0,,0
0,,0
0,,0
0,,0
0,,0
0,,0
0,,0
0,,0
0,,0
0,,0
0,,0
0,,0
0,,0
0,,0
0,,0
0,,0
0,,0
0,,0
0,,0
0,,0
0,,0
0,,0
0,,0
0,,0
0,,0
0,,0
0,,0
0,,0
0,,0
0,,0
0,,0
0,,0
0,,0
0,,0
0,,0
0,,0
0,,0
0,,0
0,,0
0,,0
0,,0
0,,0
0,,0
0,,0
0,,0
0,,0
0,,0
0,,0
0,,0
0,,0
0,,0
0,,0
0,,0
0,,0
0,,0
0,,0
0,,0
0,,0
0,,0
0,,0
0,,0
0,,0
0,,0
0,,0
0,,0
0,,0
0,,0
0,,0
0,,0
0,,0
0,,0
0,,0
0,,0
0,,0
0,,0
0,,0
0,,0
0,,0
0,,0
0,,0
0,,0
0,,0
0,,0
0,,0
0,,0
0,,0
0,,0
0,,0
0,,0
0,,0
0,,0
0,,0
0,,0
0,,0
0,,0
0,,0
0,,0
0,,0
0,,0
0,,0
0,,0
0,,0
0,,0
0,,0
0,,0
0,,0
0,,0
0,,0
0,,0
0,,0
0,,0
0,,0
0,,0
0,,0
0,,0
0,,0
0,,0
0,,0
0,,0
0,,0
0,,0
0,,0
0,,0
0,,0
0,,0
0,,0
0,,0
0,,0
0,,0
0,,0
0,,0
0,,0
0,,0
0,,0
0,,0
0,,0
0,,0
0,,0
0,,0
0,,0
0,,0
0,,0
0,,0
0,,0
0,,0
0,,0
0,,0
0,,0
0,,0
0,,0
0,,0
0,,0
0,,0
0,,0
0,,0
0,,0
0,,0
0,,0
0,,0
0,,0
0,,0
0,,0
0,,0
0,,0
0,,0
0,,0
0,,0
0,,0
0,,0
0,,0
0,,0
0,,0
0,,0
0,,0
0,,0
0,,0
0,,0
0,,0
0,,0
0,,0
0,,0
0,,0
0,,0
0,,0
0,,0
0,,0
0,,0
0,,0
0,,0
0,,0
0,,0
0,,0
0,,0
0,,0
0,,0
0,,0
0,,0
0,,0
0,,0
0,,0
0,,0
0,,0
0,,0
0,,0
0,,0
0,,0
0,,0
0,,0
0,,0
0,,0
0,,0
0,,0
0,,0
0,,0
0,,0
0,,0
0,,0
0,,0
0,,0
0,,0
0,,0
0,,0
0,,0
0,,0
0,,0
0,,0
0,,0
0,,0
0,,0
0,,0
0,,0
0,,0
0,,0
0,,0
0,,0
0,,0
0,,0
0,,0
0,,0
0,,0
0,,0
0,,0
0,,0
0,,0
0,,0
0,,0
0,,0
0,,0
0,,0
0,,0
0,,0
0,,0
0,,0
0,,0
0,,0
0,,0
0,,0
0,,0
0,,0
0,,0
0,,0
0,,0
0,,0
0,,0
0,,0
0,,0
0,,0
0,,0
0,,0
0,,0
0,,0
0,,0
0,,0
0,,0
0,,0
0,,0
0,,0
0,,0
0,,0
0,,0
0,,0
0,,0
0,,0
0,,0
0,,0
0,,0
0,,0
0,,0
0,,0
0,,0
0,,0
0,,0
0,,0
0,,0
0,,0
0,,0
0,,0
0,,0
0,,0
0,,0
0,,0
0,,0
0,,0
0,,0
0,,0
0,,0
0,,0
0,,0
0,,0
0,,0
0,,0
0,,0
0,,0
0,,0
0,,0
0,,0
0,,0
0,,0
0,,0
0,,0
0,,0
0,,0
0,,0
0,,0
0,,0
0,,0
0,,0
0,,0
0,,0
0,,0
0,,0
0,,0
0,,0
0,,0
0,,0
0,,0
0,,0
0,,0
0,,0
0,,0
0,,0
0,,0
0,,0
0,,0
0,,0
0,,0
0,,0
0,,0
0,,0
0,,0
0,,0
0,,0
0,,0
0,,0
0,,0
0,,0
0,,0
0,,0
0,,0
0,,0
0,,0
0,,0
0,,0
0,,0
0,,0
0,,0
0,,0
0,,0
0,,0
0,,0
0,,0
0,,0
0,,0
0,,0
0,,0
0,,0
0,,0
0,,0
0,,0
0,,0
0,,0
0,,0
0,,0
0,,0
0,,0
0,,0
0,,0
0,,0
0,,0
0,,0
0,,0
0,,0
0,,0
0,,0
0,,0
0,,0
0,,0
0,,0
0,,0
0,,0
0,,0
0,,0
0,,0
0,,0
0,,0
0,,0
0,,0
0,,0
0,,0
0,,0
0,,0
0,,0
0,,0
0,,0
0,,0
0,,0
0,,0
0,,0
0,,0
0,,0
0,,0
0,,0
0,,0
0,,0
0,,0
0,,0
0,,0
0,,0
0,,0
0,,0
0,,0
0,,0
0,,0
0,,0
0,,0
0,,0
0,,0
0,,0
0,,0
0,,0
0,,0
0,,0
0,,0
0,,0
0,,0
0,,0
0,,0
0,,0
0,,0
0,,0
0,,0
0,,0
0,,0
0,,0
0,,0
0,,0
0,,0
0,,0
0,,0
0,,0
0,,0
0,,0
0,,0
0,,0
0,,0
0,,0
0,,0
0,,0
0,,0
0,,0
0,,0
0,,0
0,,0
0,,0
0,,0
0,,0
0,,0
0,,0
0,,0
0,,0
0,,0
0,,0
0,,0
0,,0
0,,0
0,,0
0,,0
0,,0
0,,0
0,,0
0,,0
0,,0
0,,0
0,,0
0,,0
0,,0
0,,0
0,,0
0,,0
0,,0
0,,0
0,,0
0,,0
0,,0
0,,0
0,,0
0,,0
0,,0
0,,0
0,,0
0,,0
0,,0
0,,0
0,,0
0,,0
0,,0
0,,0
0,,0
0,,0
0,,0
0,,0
0,,0
0,,0
0,,0
0,,0
0,,0
0,,0
0,,0
0,,0
0,,0
0,,0
0,,0
0,,0
0,,0
0,,0
0,,0
0,,0
0,,0
0,,0
0,,0
0,,0
0,,0
0,,0
0,,0
0,,0
0,,0
0,,0
0,,0
0,,0
0,,0
0,,0
0,,0
0,,0
0,,0
0,,0
0,,0
0,,0
0,,0
0,,0
0,,0
0,,0
0,,0
0,,0
0,,0
0,,0
0,,0
0,,0
0,,0
0,,0
0,,0
0,,0
0,,0
0,,0
0,,0
0,,0
0,,0
0,,0
0,,0
0,,0
0,,0
0,,0
0,,0
0,,0
0,,0
0,,0
0,,0
0,,0
0,,0
0,,0
0,,0
0,,0
0,,0
0,,0
0,,0
0,,0
0,,0
0,,0
0,,0
0,,0
0,,0
0,,0
0,,0
0,,0
0,,0
0,,0
0,,0
0,,0
0,,0
0,,0
0,,0
0,,0
0,,0
0,,0
0,,0
0,,0
0,,0
0,,0
0,,0
0,,0
0,,0
0,,0
0,,0
0,,0
0,,0
0,,0
0,,0
0,,0
0,,0
0,,0
0,,0
0,,0
0,,0
0,,0
0,,0
0,,0
0,,0
0,,0
0,,0
0,,0
0,,0
0,,0
0,,0
0,,0
0,,0
0,,0
0,,0
0,,0
0,,0
0,,0
0,,0
0,,0
0,,0
0,,0
0,,0
0,,0
0,,0
0,,0
0,,0
0,,0
0,,0
0,,0
0,,0
0,,0
0,,0
0,,0
0,,0
0,,0
0,,0
0,,0
0,,0
0,,0
0,,0
0,,0
0,,0
0,,0
0,,0
0,,0
0,,0
0,,0
0,,0
0,,0
0,,0
0,,0
0,,0
0,,0
0,,0
0,,0
0,,0
0,,0
0,,0
0,,0
0,,0
0,,0
0,,0
0,,0
0,,0
0,,0
0,,0
0,,0
0,,0
0,,0
0,,0
0,,0
0,,0
0,,0
0,,0
0,,0
0,,0
0,,0
0,,0
0,,0
0,,0
0,,0
0,,0
0,,0
0,,0
0,,0
0,,0
0,,0
0,,0
0,,0
0,,0
0,,0
0,,0
0,,0
0,,0
0,,0
0,,0
0,,0
0,,0
0,,0
0,,0
0,,0
0,,0
0,,0
0,,0
0,,0
0,,0
0,,0
0,,0
0,,0
0,,0
0,,0
0,,0
0,,0
0,,0
0,,0
0,,0
0,,0
0,,0
0,,0
0,,0
0,,0
0,,0
0,,0
0,,0
0,,0
0,,0
0,,0
0,,0
0,,0
0,,0
0,,0
0,,0
0,,0
0,,0
0,,0
0,,0
0,,0
0,,0
0,,0
0,,0
0,,0
0,,0
0,,0
0,,0
0,,0
0,,0
0,,0
0,,0
0,,0
0,,0
0,,0
0,,0
0,,0
0,,0
0,,0
0,,0
0,,0
0,,0
0,,0
0,,0
0,,0
0,,0
0,,0
0,,0
0,,0
0,,0
0,,0
0,,0
0,,0
0,,0
0,,0
0,,0
0,,0
0,,0
0,,0
0,,0
0,,0
0,,0
0,,0
0,,0
0,,0
0,,0
0,,0
0,,0
0,,0
0,,0
0,,0
0,,0
0,,0
0,,0
0,,0
0,,0
0,,0
0,,0
0,,0
0,,0
0,,0
0,,0
0,,0
0,,0
0,,0
0,,0
0,,0
0,,0
0,,0
0,,0
0,,0
0,,0
0,,0
0,,0
0,,0
0,,0
0,,0
0,,0
0,,0
0,,0
0,,0
0,,0
0,,0
0,,0
0,,0
0,,0
0,,0
0,,0
0,,0
0,,0
0,,0
0,,0
0,,0
0,,0
0,,0
0,,0
0,,0
0,,0
0,,0
0,,0
0,,0
0,,0
0,,0
0,,0
0,,0
0,,0
0,,0
0,,0
0,,0
0,,0
0,,0
0,,0
0,,0
0,,0
0,,0
0,,0
0,,0
0,,0
0,,0
0,,0
0,,0
0,,0
0,,0
0,,0
0,,0
0,,0
0,,0
0,,0
0,,0
0,,0
0,,0
0,,0
0,,0
0,,0
0,,0
0,,0
0,,0
0,,0
0,,0
0,,0
0,,0
0,,0
0,,0
0,,0
0,,0
0,,0
0,,0
0,,0
0,,0
0,,0
0,,0
0,,0
0,,0
0,,0
0,,0
0,,0
0,,0
0,,0
0,,0
0,,0
0,,0
0,,0
0,,0
0,,0
0,,0
0,,0
0,,0
0,,0
0,,0
0,,0
0,,0
0,,0
0,,0
4,,0
0,,0
0,,0
0,,0
0,,0
0,,0
0,,0
0,,0
0,,0
0,,0
0,,0
0,,0
0,,0
0,,0
0,,0
0,,0
0,,0
0,,0
0,,0
0,,0
0,,0
0,,0
0,,0
0,,0
0,,0
0,,0
0,,0
0,,0
0,,0
0,,0
0,,0
0,,0
0,,0
0,,0
0,,0
0,,0
0,,0
0,,0
0,,0
0,,0
0,,0
0,,0
0,,0
0,,0
0,,0
0,,0
0,,0
0,,0
0,,0
0,,0
0,,0
0,,0
0,,0
0,,0
0,,0
0,,0
0,,0
0,,0
0,,0
0,,0
0,,0
0,,0
0,,0
0,,0
0,,0
0,,0
0,,0
0,,0
0,,0
0,,0
0,,0
0,,0
0,,0
0,,0
0,,0
0,,0
0,,0
0,,0
4,,0
0,,0
0,,0
0,,0
0,,0
0,,0
0,,0
0,,0
0,,0
0,,0
0,,0
0,,0
0,,0
0,,0
0,,0
0,,0
0,,0
0,,0
0,,0
0,,0
0,,0
0,,0
0,,0
0,,0
0,,0
0,,0
0,,0
0,,0
0,,0
0,,0
0,,0
0,,0
0,,0
0,,0
0,,0
0,,0
0,,0
0,,0
0,,0
0,,0
0,,0
0,,0
0,,0
0,,0
0,,0
0,,0
0,,0
0,,0
0,,0
0,,0
0,,0
0,,0
0,,0
0,,0
0,,0
0,,0
0,,0
0,,0
0,,0
0,,0
0,,0
0,,0
0,,0
0,,0
0,,0
0,,0
0,,0
0,,0
0,,0
0,,0
0,,0
0,,0
0,,0
0,,0
0,,0
0,,0
0,,0
0,,0
0,,1
0,,0
0,,0
0,,0
0,,0
0,,0
0,,0
0,,0
0,,0
0,,0
0,,0
0,,0
0,,0
0,,0
0,,0
0,,0
0,,0
0,,0
0,,0
0,,0
0,,0
0,,0
0,,0
0,,0
0,,0
0,,0
0,,0
0,,0
0,,0
0,,0
0,,0
0,,0
0,,0
0,,0
0,,0
0,,0
0,,0
0,,0
0,,0
0,,0
0,,0
0,,0
0,,0
0,,0
0,,0
0,,0
0,,0
0,,0
0,,0
0,,0
0,,0
0,,0
0,,0
0,,0
0,,0
0,,0
0,,0
0,,0
0,,0
0,,0
0,,0
0,,0
0,,0
0,,0
0,,0
0,,0
0,,0
0,,0
0,,0
0,,0
0,,0
0,,0
0,,0
0,,0
0,,0
0,,0
0,,0
0,,0
0,,1
0,,0
0,,0
0,,0
0,,0
0,,0
0,,0
0,,0
0,,0
0,,0
0,,0
0,,0
0,,0
0,,0
0,,0
0,,0
0,,0
0,,0
0,,0
0,,0
0,,0
0,,0
0,,0
0,,0
0,,0
0,,0
0,,0
0,,0
0,,0
0,,0
0,,0
0,,0
0,,0
0,,0
0,,0
0,,0
0,,0
0,,0
0,,0
0,,0
0,,0
0,,0
0,,0
0,,0
0,,0
0,,0
0,,0
0,,0
0,,0
0,,0
0,,0
0,,0
0,,0
0,,0
0,,0
0,,0
0,,0
0,,0
0,,0
0,,0
0,,0
0,,0
0,,0
0,,0
0,,0
0,,0
0,,0
0,,0
0,,0
0,,0
0,,0
0,,0
0,,0
0,,0
0,,0
0,,0
0,,0
0,,0
0,,0
0,,0
0,,0
0,,0
0,,0
0,,0
0,,0
0,,0
0,,0
0,,0
0,,0
0,,0
0,,0
0,,0
0,,0
0,,0
0,,0
0,,0
0,,0
0,,0
0,,0
0,,0
0,,0
0,,0
0,,0
0,,0
0,,0
4,,0
0,,0
0,,0
0,,0
0,,0
0,,0
0,,0
0,,0
0,,0
0,,0
0,,0
0,,0
0,,0
0,,0
0,,0
0,,0
0,,0
0,,0
0,,0
0,,0
0,,0
0,,0
0,,0
0,,0
0,,0
0,,0
0,,0
0,,0
0,,0
0,,0
0,,0
0,,0
0,,0
0,,0
0,,0
0,,0
0,,0
0,,0
0,,0
0,,0
0,,0
0,,0
0,,0
0,,0
0,,0
0,,0
0,,0
0,,0
0,,0
0,,0
0,,0
0,,0
0,,0
0,,0
0,,0
0,,0
0,,0
0,,0
0,,0
0,,0
0,,0
0,,0
0,,0
0,,0
0,,0
0,,0
0,,0
0,,0
0,,0
0,,0
0,,0
0,,0
0,,0
0,,0
0,,0
0,,0
0,,0
0,,0
0,,0
0,,0
0,,0
0,,0
0,,0
0,,0
0,,0
0,,0
0,,0
0,,0
0,,0
0,,0
0,,0
0,,0
0,,0
0,,0
0,,0
0,,0
0,,0
0,,0
0,,0
0,,0
0,,0
0,,0
0,,0
0,,0
0,,0
0,,0
0,,0
0,,0
0,,0
0,,0
0,,0
0,,0
0,,0
0,,0
0,,0
0,,0
0,,0
0,,0
0,,0
0,,0
0,,0
0,,0
0,,0
0,,0
0,,0
0,,0
0,,0
0,,0
0,,0
0,,0
0,,0
0,,0
0,,0
0,,0
0,,0
0,,0
0,,0
0,,0
0,,0
0,,0
0,,0
0,,0
0,,0
0,,0
0,,0
0,,0
0,,0
0,,0
0,,0
0,,0
0,,0
0,,0
0,,0
0,,0
0,,0
0,,0
0,,1
0,,0
0,,0
0,,0
0,,0
0,,0
0,,0
0,,0
0,,0
0,,0
0,,0
0,,0
0,,0
0,,0
0,,0
0,,0
0,,0
0,,0
0,,0
0,,0
0,,0
0,,0
0,,0
0,,0
0,,0
0,,0
0,,0
0,,0
0,,0
0,,0
0,,0
0,,0
0,,0
0,,0
0,,0
0,,0
0,,0
0,,0
0,,0
0,,0
0,,0
0,,0
0,,0
0,,0
0,,0
0,,0
0,,0
0,,0
0,,0
0,,0
0,,0
0,,0
0,,0
0,,0
0,,0
0,,0
0,,0
0,,0
0,,0
0,,0
0,,0
0,,0
0,,0
0,,0
0,,0
0,,0
0,,0
0,,0
0,,0
0,,0
0,,0
0,,0
0,,0
0,,0
0,,0
0,,0
0,,0
0,,0
0,,0
0,,0
0,,0
0,,0
0,,0
0,,0
0,,0
0,,0
0,,0
0,,0
0,,0
0,,0
0,,0
0,,0
0,,0
0,,0
0,,0
0,,0
0,,0
0,,0
0,,0
0,,0
0,,0
0,,0
0,,0
0,,0
0,,0
0,,0
0,,0
0,,0
0,,0
0,,0
0,,0
0,,0
0,,0
0,,0
0,,0
0,,0
0,,0
0,,0
0,,0
0,,0
0,,0
0,,0
0,,0
0,,0
0,,0
0,,0
0,,0
0,,0
0,,0
0,,0
0,,0
0,,0
0,,0
0,,0
0,,0
0,,0
0,,0
0,,0
0,,0
0,,0
0,,0
0,,0
0,,0
0,,0
0,,0
0,,0
0,,0
0,,0
0,,0
0,,0
0,,0
0,,0
0,,0
0,,0
0,,0
0,,0
0,,0
0,,0
0,,0
0,,0
0,,0
0,,0
0,,0
0,,0
0,,0
0,,0
0,,0
0,,0
0,,0
0,,0
0,,0
0,,0
0,,0
0,,0
0,,0
0,,0
0,,0
0,,0
0,,0
0,,0
0,,0
0,,0
0,,0
0,,0
0,,0
0,,0
0,,0
0,,0
0,,0
0,,0
0,,0
0,,0
0,,0
0,,0
0,,0
0,,0
0,,0
0,,0
0,,0
0,,0
0,,0
0,,0
0,,0
0,,0
0,,0
0,,0
0,,0
0,,0
0,,0
0,,0
0,,0
0,,0
0,,0
0,,0
0,,0
0,,0
0,,0
0,,0
0,,0
0,,0
0,,0
0,,0
0,,0
0,,0
0,,0
0,,0
0,,0
0,,0
0,,0
0,,0
0,,0
0,,0
0,,0
0,,0
0,,0
0,,0
0,,0
6,,0
0,,0
0,,0
0,,0
0,,0
0,,0
0,,0
0,,0
0,,0
0,,0
0,,0
0,,0
0,,0
0,,0
0,,0
0,,0
0,,0
0,,0
0,,0
0,,0
0,,0
0,,0
0,,0
0,,0
0,,0
0,,0
0,,0
0,,0
0,,0
0,,0
0,,0
0,,0
0,,0
0,,0
0,,0
0,,0
0,,0
0,,0
0,,0
0,,0
0,,0
0,,0
0,,0
0,,0
0,,0
0,,0
0,,0
0,,0
0,,0
0,,0
0,,0
0,,0
0,,0
0,,0
0,,0
0,,0
0,,0
0,,0
0,,0
0,,0
0,,0
0,,0
0,,0
0,,0
0,,0
0,,0
0,,0
0,,0
0,,0
0,,0
0,,0
0,,0
0,,0
0,,0
0,,0
0,,0
0,,0
0,,0
0,,0
0,,0
0,,0
0,,0
0,,0
0,,0
0,,0
0,,0
0,,0
0,,0
0,,0
0,,0
0,,0
0,,0
0,,0
0,,0
0,,0
0,,0
0,,0
0,,0
0,,0
0,,0
0,,0
0,,0
0,,0
0,,0
0,,0
0,,0
0,,0
0,,0
0,,0
0,,0
0,,0
0,,0
0,,0
0,,0
0,,0
0,,0
0,,0
0,,0
0,,0
0,,0
0,,0
0,,0
0,,0
0,,0
0,,0
0,,0
0,,0
0,,0
0,,0
0,,0
0,,0
0,,0
0,,0
0,,0
0,,0
4,,0
0,,0
0,,0
0,,0
0,,0
0,,0
0,,0
0,,0
0,,0
0,,0
0,,0
0,,0
0,,0
0,,0
0,,0
0,,0
0,,0
0,,0
0,,0
0,,0
0,,0
0,,1
0,,0
0,,0
0,,0
0,,0
0,,0
0,,0
6,,0
0,,0
0,,0
0,,0
0,,0
0,,0
0,,0
0,,0
0,,0
0,,0
0,,0
0,,0
4,,0
0,,0
0,,0
0,,0
0,,0
0,,0
0,,0
0,,0
0,,0
0,,0
0,,0
0,,0
0,,0
0,,0
0,,0
0,,0
0,,0
0,,0
0,,0
0,,0
0,,0
0,,0
0,,0
0,,0
0,,0
0,,0
0,,0
0,,0
0,,0
0,,0
0,,0
0,,0
0,,0
0,,0
0,,0
0,,0
0,,0
0,,0
0,,0
0,,0
0,,0
0,,0
0,,0
0,,0
0,,0
0,,0
0,,0
0,,0
0,,0
0,,0
0,,0
0,,0
0,,0
0,,0
0,,0
0,,0
0,,0
0,,0
0,,0
0,,0
0,,0
0,,0
0,,0
4,,0
0,,0
0,,0
0,,0
0,,0
0,,0
0,,0
0,,0
0,,0
0,,0
0,,0
0,,0
0,,0
0,,0
0,,0
0,,0
0,,0
0,,0
0,,0
0,,0
0,,0
0,,0
0,,0
0,,0
0,,0
0,,0
0,,0
0,,0
0,,0
0,,0
0,,0
0,,0
0,,0
0,,0
0,,0
0,,0
0,,0
0,,0
0,,0
0,,0
0,,0
0,,0
0,,0
0,,0
0,,0
0,,0
0,,0
0,,0
0,,0
0,,0
0,,0
0,,0
0,,0
0,,1
0,,0
6,,0
0,,0
0,,0
0,,0
0,,0
0,,0
0,,0
0,,0
0,,0
0,,0
0,,0
0,,0
0,,0
0,,0
0,,0
0,,0
0,,0
0,,0
0,,0
0,,0
0,,0
0,,0
0,,0
0,,0
0,,0
0,,0
0,,1
0,,0
0,,0
0,,0
0,,0
0,,0
0,,0
0,,0
0,,0
0,,0
0,,0
0,,0
0,,1
0,,0
0,,0
0,,0
0,,0
0,,0
0,,0
0,,0
0,,0
0,,0
0,,0
0,,0
0,,0
0,,0
0,,0
0,,0
0,,0
0,,0
0,,0
0,,0
0,,0
0,,0
0,,0
0,,0
0,,0
0,,0
0,,0
0,,0
0,,0
4,,0
0,,0
0,,0
0,,0
0,,0
0,,0
0,,0
0,,0
0,,0
0,,0
0,,0
0,,0
0,,0
0,,0
0,,0
0,,0
0,,0
0,,0
0,,0
0,,0
0,,0
0,,0
0,,0
0,,0
0,,0
0,,0
0,,0
0,,0
0,,0
0,,0
0,,0
0,,0
0,,0
0,,0
0,,1
0,,0
0,,0
0,,0
0,,0
0,,0
6,,0
0,,0
0,,0
0,,0
0,,0
0,,0
0,,0
0,,0
0,,0
0,,0
0,,0
0,,0
0,,0
0,,0
0,,0
0,,0
0,,0
0,,0
0,,0
0,,0
0,,0
0,,0
0,,0
0,,0
0,,0
0,,0
0,,0
0,,0
0,,0
0,,0
0,,0
0,,0
0,,0
0,,0
0,,0
0,,0
0,,0
0,,0
0,,0
0,,0
0,,0
0,,0
0,,0
0,,0
0,,0
0,,0
0,,0
0,,0
0,,0
0,,1
0,,0
0,,0
0,,0
0,,0
0,,0
0,,0
0,,0
0,,0
0,,0
0,,0
0,,0
0,,0
0,,0
0,,0
0,,0
0,,0
0,,0
0,,0
0,,0
0,,0
0,,0
0,,0
0,,0
0,,0
0,,0
0,,0
0,,0
0,,0
0,,0
0,,0
0,,0
0,,0
0,,0
0,,0
0,,0
0,,0
0,,0
0,,0
0,,0
0,,0
0,,0
0,,0
0,,0
0,,0
0,,0
0,,0
0,,0
0,,0
0,,0
0,,0
0,,0
0,,0
0,,0
0,,0
0,,0
0,,0
0,,0
0,,0
0,,0
0,,0
0,,0
0,,0
0,,0
0,,0
0,,0
0,,0
0,,1
0,,0
0,,0
0,,0
0,,0
0,,0
0,,0
0,,0
0,,0
0,,0
0,,0
0,,0
0,,0
0,,0
0,,0
0,,0
0,,0
0,,0
0,,0
0,,0
0,,0
0,,0
0,,0
0,,0
0,,0
0,,0
0,,0
0,,0
0,,0
0,,0
0,,0
0,,0
0,,0
0,,0
0,,0
0,,0
0,,0
0,,0
0,,0
0,,0
0,,1
0,,0
0,,0
0,,0
0,,0
0,,0
0,,0
0,,0
0,,0
0,,0
0,,0
0,,0
0,,0
0,,0
0,,0
0,,0
0,,0
0,,0
0,,0
0,,0
0,,0
0,,0
0,,0
0,,0
0,,0
0,,0
0,,0
0,,0
0,,0
0,,0
6,,0
0,,0
0,,0
0,,0
0,,0
0,,0
0,,0
0,,0
0,,0
0,,0
0,,0
0,,0
0,,0
0,,0
0,,0
0,,0
0,,0
0,,0
0,,0
0,,0
0,,0
0,,0
0,,0
0,,0
0,,0
0,,0
0,,0
4,,0
0,,0
0,,0
0,,0
0,,0
0,,0
0,,0
0,,0
0,,0
0,,0
0,,0
0,,0
0,,0
0,,0
0,,0
0,,0
0,,0
0,,0
0,,0
0,,0
0,,0
0,,0
0,,0
6,,0
0,,0
0,,0
0,,0
0,,0
0,,0
0,,0
0,,0
0,,0
0,,0
0,,0
0,,0
0,,0
0,,0
0,,0
0,,0
0,,0
0,,0
0,,0
0,,0
0,,0
0,,0
0,,0
0,,0
0,,0
0,,0
0,,0
0,,0
0,,0
0,,0
0,,0
0,,0
0,,0
0,,0
0,,0
0,,0
0,,0
0,,0
0,,0
0,,0
0,,0
0,,0
0,,0
0,,0
0,,0
0,,0
0,,0
0,,0
0,,0
0,,0
0,,0
0,,0
0,,0
0,,0
0,,0
0,,0
0,,0
0,,0
0,,0
0,,0
0,,0
0,,0
0,,0
0,,0
0,,0
0,,0
0,,0
0,,0
0,,0
0,,0
0,,0
0,,0
0,,0
0,,0
0,,0
0,,0
0,,0
0,,0
0,,0
0,,0
0,,0
0,,0
0,,0
0,,0
0,,0
0,,0
0,,0
0,,0
0,,0
0,,0
0,,0
0,,0
0,,0
0,,0
0,,0
0,,0
0,,0
0,,0
0,,0
0,,0
0,,0
0,,0
0,,0
0,,0
0,,0
0,,0
0,,1
0,,0
0,,0
0,,0
0,,0
0,,0
0,,0
0,,0
0,,0
0,,0
0,,0
0,,0
0,,0
0,,0
0,,0
0,,0
0,,0
0,,0
0,,0
0,,0
0,,0
0,,0
0,,0
0,,0
0,,0
0,,0
0,,0
0,,1
0,,0
0,,0
0,,0
0,,0
0,,0
0,,0
0,,0
0,,0
0,,0
0,,0
0,,0
0,,0
0,,0
0,,0
0,,0
0,,0
0,,0
0,,0
0,,0
0,,0
0,,0
0,,0
0,,1
0,,0
0,,0
0,,0
0,,0
0,,0
0,,0
0,,0
0,,0
0,,0
6,,0
0,,0
0,,0
0,,0
0,,0
0,,0
0,,0
0,,0
0,,0
0,,0
0,,0
0,,0
0,,0
0,,0
0,,0
0,,0
0,,0
0,,0
0,,0
0,,0
0,,0
0,,0
0,,0
0,,0
0,,0
0,,0
0,,0
0,,0
0,,0
0,,0
0,,0
0,,0
0,,0
0,,0
0,,0
0,,0
0,,0
0,,0
0,,0
0,,0
0,,0
0,,0
0,,0
0,,0
0,,0
0,,0
0,,0
0,,0
0,,0
0,,0
0,,0
0,,0
0,,0
0,,0
0,,0
0,,0
0,,0
0,,0
0,,0
0,,0
0,,0
0,,0
0,,0
0,,0
0,,0
0,,0
0,,0
0,,0
0,,0
0,,0
0,,0
0,,0
0,,0
0,,0
0,,0
0,,0
0,,0
0,,0
0,,0
0,,0
0,,0
0,,0
0,,0
0,,0
0,,0
0,,0
0,,0
0,,0
0,,0
0,,0
0,,0
0,,0
0,,0
0,,0
0,,0
0,,0
0,,0
0,,0
0,,0
0,,0
0,,0
0,,0
0,,0
0,,0
0,,0
0,,0
0,,0
0,,0
0,,0
0,,0
0,,0
0,,0
0,,0
0,,0
0,,0
0,,0
0,,0
0,,0
0,,0
0,,0
0,,0
0,,0
0,,0
0,,0
0,,0
4,,0
0,,0
0,,0
0,,0
0,,0
0,,0
0,,0
0,,0
0,,0
0,,0
0,,0
0,,0
0,,0
0,,0
0,,0
0,,0
0,,0
0,,0
0,,0
0,,0
0,,0
0,,0
0,,0
0,,0
0,,0
0,,0
0,,0
0,,0
0,,0
0,,0
0,,0
0,,1
0,,0
0,,0
0,,0
0,,0
0,,0
0,,0
0,,0
0,,0
0,,0
0,,0
0,,0
0,,0
0,,0
0,,0
0,,0
0,,0
0,,0
0,,0
0,,0
0,,0
0,,0
0,,0
0,,0
0,,0
0,,0
0,,0
0,,0
0,,0
0,,0
0,,0
0,,0
0,,0
0,,0
0,,0
0,,0
0,,0
0,,0
0,,0
0,,0
0,,0
0,,0
0,,0
0,,0
0,,0
0,,0
0,,0
0,,0
0,,0
0,,0
0,,0
0,,0
0,,0
0,,0
0,,0
0,,0
0,,0
0,,0
0,,0
4,,0
0,,0
0,,0
6,,0
0,,0
0,,0
0,,0
0,,0
0,,0
0,,0
0,,0
0,,0
0,,0
0,,0
0,,0
0,,0
0,,0
0,,0
0,,0
0,,0
0,,0
0,,0
0,,0
0,,0
0,,0
0,,0
0,,0
0,,0
0,,0
0,,0
0,,0
0,,0
0,,0
0,,0
0,,0
0,,0
0,,0
0,,0
0,,0
0,,0
0,,0
0,,0
0,,0
0,,0
0,,0
0,,0
0,,0
0,,0
0,,0
0,,0
0,,0
0,,0
0,,0
0,,0
0,,0
0,,0
0,,0
0,,0
0,,0
0,,0
0,,0
0,,0
0,,0
0,,0
0,,0
0,,0
0,,1
0,,0
0,,0
0,,0
0,,0
0,,0
0,,0
0,,0
0,,0
0,,0
0,,0
0,,0
0,,0
0,,0
0,,0
0,,0
0,,0
0,,0
0,,0
0,,0
0,,0
0,,0
0,,0
0,,0
0,,0
0,,0
0,,0
0,,0
0,,0
0,,0
0,,0
0,,0
0,,0
0,,0
4,,0
0,,0
0,,0
0,,0
0,,0
6,,0
0,,0
0,,0
0,,0
0,,0
0,,0
0,,0
0,,0
0,,0
0,,0
0,,0
0,,0
0,,0
0,,0
0,,0
0,,0
0,,0
0,,0
0,,0
0,,0
0,,0
0,,0
0,,0
0,,0
0,,0
0,,0
0,,0
0,,0
0,,0
0,,0
0,,0
0,,0
0,,0
0,,0
0,,0
0,,0
0,,0
0,,0
0,,0
0,,0
0,,0
0,,0
0,,0
0,,0
0,,0
0,,0
0,,0
0,,0
0,,0
0,,0
0,,0
0,,1
0,,0
0,,0
0,,1
0,,0
0,,0
0,,0
0,,0
0,,0
0,,0
0,,0
0,,0
0,,0
0,,0
0,,0
0,,0
0,,0
0,,0
0,,0
0,,0
0,,0
0,,0
0,,0
0,,0
0,,0
0,,0
0,,0
0,,0
0,,0
0,,0
0,,0
0,,0
0,,0
0,,0
0,,0
0,,0
0,,0
0,,0
0,,0
0,,0
6,,0
0,,0
0,,0
0,,0
0,,0
0,,0
0,,0
0,,0
0,,0
0,,0
0,,0
0,,0
0,,0
0,,0
4,,0
0,,0
0,,0
0,,0
0,,0
4,,0
0,,0
0,,0
0,,0
0,,0
0,,0
0,,0
0,,0
0,,0
0,,0
0,,0
0,,0
0,,0
0,,0
0,,0
0,,0
0,,0
0,,0
0,,0
0,,0
0,,0
0,,0
0,,0
0,,0
0,,0
0,,0
0,,0
0,,0
0,,0
0,,0
0,,0
0,,0
0,,0
0,,0
0,,0
0,,0
0,,0
0,,0
0,,0
0,,0
0,,0
0,,1
0,,0
0,,0
0,,0
0,,0
0,,1
0,,0
0,,0
0,,0
0,,0
0,,0
0,,0
6,,0
0,,0
0,,0
0,,0
0,,0
0,,0
0,,0
0,,0
0,,0
0,,0
0,,0
0,,0
0,,0
0,,0
0,,0
0,,0
6,,0
0,,0
0,,0
0,,0
0,,0
0,,0
0,,0
0,,0
0,,0
0,,0
0,,0
0,,0
0,,0
0,,0
0,,0
0,,0
0,,0
0,,0
0,,0
0,,0
0,,0
0,,0
0,,0
0,,0
0,,0
0,,0
0,,0
0,,0
0,,0
0,,0
0,,0
0,,0
0,,0
0,,0
0,,0
0,,0
0,,0
0,,0
0,,0
0,,0
0,,0
4,,0
0,,0
0,,0
0,,0
0,,0
0,,0
0,,0
0,,0
6,,0
0,,0
0,,0
0,,0
0,,0
0,,0
0,,0
0,,0
0,,0
0,,0
0,,0
0,,0
0,,0
0,,0
0,,0
0,,0
0,,0
0,,0
0,,0
0,,1
0,,0
0,,0
0,,0
0,,0
0,,0
0,,0
0,,0
0,,0
0,,0
0,,0
0,,0
0,,0
0,,0
0,,1
0,,0
0,,0
0,,0
0,,0
0,,1
0,,0
0,,0
0,,0
0,,0
0,,0
0,,0
0,,0
0,,0
0,,0
0,,0
0,,0
0,,0
0,,0
0,,0
0,,0
0,,0
0,,0
0,,0
0,,0
0,,0
0,,0
0,,0
0,,0
0,,0
0,,0
0,,0
0,,0
0,,0
0,,0
0,,0
0,,0
0,,0
0,,0
0,,0
0,,0
0,,0
6,,0
0,,0
0,,0
0,,0
0,,0
0,,0
0,,0
0,,0
6,,0
0,,0
0,,0
0,,0
0,,0
0,,0
0,,0
0,,0
0,,1
0,,0
0,,0
0,,0
0,,0
0,,0
0,,0
0,,0
0,,0
0,,0
4,,0
0,,0
0,,0
0,,0
0,,0
0,,0
0,,1
0,,0
0,,0
0,,0
0,,0
0,,0
4,,0
0,,0
0,,0
0,,0
0,,0
0,,0
0,,0
0,,0
0,,0
0,,0
0,,0
0,,0
0,,0
0,,0
0,,0
0,,0
0,,0
0,,0
0,,0
0,,0
0,,0
0,,0
0,,0
0,,0
0,,0
0,,0
0,,0
0,,0
0,,0
0,,0
0,,0
0,,0
0,,0
0,,0
0,,0
0,,1
0,,0
0,,0
0,,0
0,,0
0,,0
0,,0
0,,0
0,,1
0,,0
0,,0
0,,0
0,,0
0,,0
0,,0
0,,0
0,,0
0,,0
0,,0
0,,0
6,,0
0,,0
0,,0
0,,0
0,,0
0,,0
0,,0
0,,0
0,,0
0,,0
0,,0
0,,0
0,,0
0,,0
0,,0
0,,0
0,,0
0,,0
0,,0
0,,0
0,,0
0,,0
0,,0
0,,0
0,,0
4,,0
0,,0
0,,0
0,,0
0,,0
0,,0
0,,0
0,,0
0,,0
0,,0
0,,0
0,,0
0,,0
0,,0
0,,0
0,,0
0,,0
0,,0
0,,0
0,,0
0,,0
0,,0
0,,0
0,,0
0,,0
4,,0
0,,0
0,,0
0,,0
0,,0
0,,0
